{"entities":{"pages":{"String":{"id":"String","title":"使用场景","url":"string.html","level":0,"tabIndex":0},"Java-Double":{"id":"Java-Double","title":"开始吧","url":"java-double.html","level":0,"tabIndex":1},"读取数据":{"id":"读取数据","title":"读取数据","url":"读取数据.html","level":0,"tabIndex":2},"输出数据":{"id":"输出数据","title":"输出数据","url":"输出数据.html","level":0,"tabIndex":3},"处理数据":{"id":"处理数据","title":"处理数据","url":"处理数据.html","level":0,"tabIndex":4},"监听器":{"id":"监听器","title":"监听器","url":"监听器.html","level":0,"tabIndex":5},"异常处理":{"id":"异常处理","title":"异常处理","url":"异常处理.html","level":0,"tabIndex":6},"任务调度":{"id":"任务调度","title":"任务调度","url":"任务调度.html","level":0,"tabIndex":7}}},"topLevelIds":["String","Java-Double","读取数据","输出数据","处理数据","监听器","异常处理","任务调度"]}